Morph,TPS
Tabanus,albohirta
adornata,albosignata
albohirta,alticola
albosignata,antillanca
albotibialis,antilope
alticola,arica
andicola,belenensis
antilope,bruchii
antillanca,bulbula
arauca,canipilis
arica,chillan
bejeranoi,collagua
belenensis,delpontei_sepiapes
boliviame,dixoni_1
bonariensis,dixoni_Australia
brethesi,dubiosa_Australia
bruchii,elquiensis
bulbula,fornesi
canipilis,mendozana1
caprii,mendozana2
chilensis,minor
chillan,missionum
chubutensis,nigrifrons_macho
colla,pereirai_dureti
coquimbo,senilis
cumelafquen,shannoni
delpontei,trita
delpontei_sepiapes,Acellomyia_paulseni
diaguita,Agelanius_meridiana
elquiensis,Dasybasis_testacepmaculata
erynnis,Haematopotina_argentina
excelsior,Stenotabanus
fairchildi,Dasybasis_andicola
fornesi,Dasybasis_angusta
frequens,Dasybasis_angusta_2
fumifrons,Dasybasis_arauca
geminata,Dasybasis_bonariensis
hepperi,Dasybasis_bruchi
hirsuta,Dasybasis_caprii
inata,Dasybasis_chilensis
kroeberi,Dasybasis_chubutensis
limbativena,Dasybasis_coquimbo
mendozana,Dasybasis_cumelafquen
minor,Dasybasis_diaguita
missionum,Dasybasis_erynnis
montium,Dasybasis_fairchildi
neogrisescens,Dasybasis_fornesi
nigra,Dasybasis_frequens
nigrifemur,Dasybasis_hepperi
nigrifrons,Dasybasis_inata
opaca,Dasybasis_kroeberi
ornatissima,Dasybasis_opaca
pallipes,Dasybasis_ornatissima
penai,Dasybasis_pallipes
pereirai,Dasybasis_penai
pereirai_dureti,Dasybasis_pereirai dureti
persignata,Dasybasis_pereirai_pereirai
pilifer,Dasybasis_persignata
poroma,Dasybasis_pruinivitta
pruinivitta,Dasybasis_subtrita
punensis,Dasybasis_trigonophora
schineri,Dasybasis_vasta
schnusei,Dasybasis_hirsuta
senilis,Tabanus
shannoni,gentilis_Australia
subtrita,neobasis_Australia
testaceomaculata,oculata_Australia
trigonophora,senilis4
tritus,Dasybasis_appendiculata_Austra
vasta,Dasybasis_neobasis_Australia_1
collagua,Dasybasis_nigra_Tilama_2
Agelanius,
Acellomyia,
Nubiloides,
Haematopotina_argentina,
Haematopotina_pechumani,
Scaptiodes_gagatina,
Dicladocera,
Stenotabanus_sandyi,
Stenotabanus_incipiens,
Dasybasis_appendiculata,
Dasybasis_nemopunctata,
Dasybasis_trilinealis,
Dasybasis_dubiosa,
Dasybasis_dixoni,
Dasybasis_gentilis,
